{"cameraMode":{"drawMode":0,"name":"Shaded","section":"Shading Mode"},"sceneLighting":true,"audioPlay":false,"sceneViewState":{"m_AlwaysRefresh":false,"showFog":true,"showSkybox":true,"showFlares":true,"showImageEffects":true,"showParticleSystems":true,"showVisualEffectGraphs":true,"m_FxEnabled":true},"in2DMode":false,"pivot":{"x":25.11777687072754,"y":26.566165924072267,"z":12.330185890197754},"rotation":{"x":0.1035759449005127,"y":-0.8867151141166687,"z":0.2414102852344513,"w":0.38044100999832156},"size":1.8918547630310059,"orthographic":false}